Projektnamn,Program,Period,Roll,Belopp,Källa,Valuta,Vad beloppet avser,Förväntas i källa,Anteckning
CoordiNet,Horisont 2020 (H2020-EU.3.3.4),2019-01-01 – 2022-06-30,partner,174937.5,https://cordis.europa.eu/project/id/824414,EUR,Kommunens nettobidrag från EU,CORDIS,PIC 951881080 enligt CORDIS. Lokal effektmarknad med Vattenfall Eldistribution.
MASTERPIECE – energigemenskaper,Horisont Europa (HORIZON-CL5-2022-D3-01-08),2023-01-01 – 2026-09-30,partner,186555,https://cordis.europa.eu/project/id/101096836,EUR,Kommunens EU-bidrag,CORDIS,"Hittat i CORDIS-filerna 2026-10-02, saknades i första listan. Svenska partner: Ngenic och Sustainable Innovation."
Byggåterbruk Uppsala,"Regionalfonden (ERUF) 2021–2027, Östra Mellansverige",2024-11-18 – 2027-11-15,projektägare,311014.71,https://kohesio.ec.europa.eu/sv/st%C3%B6dmottagare/Q2757713,EUR,"EU-bidrag (total budget 797 473,62 EUR, 39 %)",Kohesio,Hittat i Kohesios fil för 2021–2027. Pågående projekt om återbruk i byggandet – stark koppling till idén om cirkulärt byggande.
Uppsalamodell av allaktivitetshus i Gottsunda,"Socialfonden+ (ESF+) 2021–2027, nationella programmet",2023-09-04 – 2026-09-03,projektägare,804573.06,https://kohesio.ec.europa.eu/sv/st%C3%B6dmottagare/Q2757713,EUR,"EU-bidrag (total budget 893 970 EUR, 90 %)",Kohesio,Hittat i Kohesios fil för 2021–2027.
Fast Care – utbildning för personer från Ukraina,"Socialfonden+ (ESF+) 2021–2027, nationella programmet",2023-10-02 – 2024-03-31,projektägare,211507.92,https://kohesio.ec.europa.eu/sv/st%C3%B6dmottagare/Q2757713,EUR,EU-bidrag (100 %),Kohesio,Hittat i Kohesios fil för 2021–2027.
LOWINFOOD – minskat matsvinn i livsmedelskedjan,Horisont 2020 (Food 2030),2020-11-01 – 2025-02-28,partner,90001.25,https://cordis.europa.eu/project/id/101000439,EUR,Kommunens EU-bidrag,CORDIS,Hittat i CORDIS-filerna för Horisont 2020. Stödjer idén om hållbar mat i offentliga kök.
Scale Up (NetZeroCities pilotstad),Horisont 2020 via NetZeroCities (bidragsavtal 101036519),2023 – 2025,projektägare (lokal pilot),1500000,https://www.uppsala.se/kampanjsidor/eu-projektet-scale-up-hjalper-uppsala-att-vaxla-upp-for-klimatet/,EUR,"Hela piloten, delas med Uppsala Vatten och Avfall, Uppsalahem och STUNS",Ingen (kaskadfinansiering),Uppsala är inte deltagare i CORDIS för detta; pengarna går via NetZeroCities. Roll och belopp bör bekräftas av kommunen.
COBEN – Delivering Community Benefits of Civic Energy,Interreg VB Nordsjöregionen 2014–2020,2016-10-01 – 2022-09-30,partner,211609,https://keep.eu/projects/19108/,EUR,Kommunens ERUF-budget (total partnerbudget 423 219 EUR),Keep.eu,
Effektivare mottagande,Socialfonden (ESF) 2014–2020,2017-11-01 – 2019-10-31,projektägare,412804.77,https://kohesio.ec.europa.eu/sv/st%C3%B6dmottagare/Q2757713,EUR,"EU-bidrag (total budget 825 609,53 EUR)",Kohesio,
Minskad klimatpåverkan från plast inom kommunal verksamhet,Regionalfonden (ERUF) 2014–2020,2017-09-01 – 2021-02-28,projektägare,350276.04,https://kohesio.ec.europa.eu/sv/st%C3%B6dmottagare/Q2757713,EUR,"EU-bidrag (total budget 632 939,23 EUR)",Kohesio,
"Lokalt klimatarbete, regionalt lärande och färdplaner mot en koldioxidsnål ekonomi",Regionalfonden (ERUF) 2014–2020,2015-12-01 – 2018-11-30,projektägare,193232.26,https://kohesio.ec.europa.eu/sv/st%C3%B6dmottagare/Q2757713,EUR,"EU-bidrag (total budget 210 308,48 EUR)",Kohesio,
Sammanhållen och träffsäker hållbar stadsbyggnadsprocess – förstudie,Regionalfonden (ERUF) 2014–2020,2017-09-29 – 2018-01-31,projektägare,20132.71,https://kohesio.ec.europa.eu/sv/st%C3%B6dmottagare/Q2757713,EUR,"EU-bidrag (total budget 41 111,71 EUR)",Kohesio,
Innovationskompetens,Socialfonden (ESF) 2014–2020,2018-10-01 – 2020-09-30,projektägare,864334.85,https://www.mynewsdesk.com/se/uppsalakommun/pressreleases/eu-stoed-paa-135-miljoner-ska-staerka-innovation-inom-aeldreomsorgen-2528418,EUR,"EU-bidrag enligt Kohesio (pressmeddelandet anger 13,5 MSEK)",Kohesio,"ESF dnr 2018/00076. I Kohesio under stödmottagaren 'Äldreförvaltningen, Uppsala kommun' utan organisationsnummer – blir en namnträff, inte en säker träff."
Siri – förstudie Uppsala kommun,Socialfonden (ESF) 2014–2020,2021-02-01 – 2021-09-30,projektägare,377939,"https://www.esf.se/Resultat/Projektbanken/?Start%C3%A5r=2021,2015&Programomr%C3%A5de=PO5,PO1&Region=&Antal+deltagare=&Projektbudget=&ESF-st%C3%B6d=4,1",SEK,Beviljat ESF-stöd,Kohesio,ESF dnr 2020/00692. I Kohesio under 'Arbetsmarknadsavdelningen' utan organisationsnummer (EU-bidrag 18 065 EUR enligt Kohesio).
Språkstöd KIVO-C,Socialfonden (ESF) 2014–2020,2016-08-01 – 2020-01-31,projektägare,580174.03,https://esf.se/Resultat/Projektbanken/?Antal+deltagare=20-50&Program%2FProgramomr%C3%A5de=&Projektbudget=&Region=%C3%96stra+Mellansverige%2CESF+Nationellt&Start%C3%A5r=2022%2C2016,EUR,EU-bidrag enligt Kohesio,Kohesio,"ESF dnr 2015/00969. I Kohesio under 'Arbetsmarknadsförvaltningen' utan organisationsnummer, ort Uppsala."
Kompetensutveckling AMF,Socialfonden+ (ESF+) 2021–2027,2025-03-01 – 2028-02-29,projektägare,10325312,https://www.esf.se/resultat/projektbanken/projekt/?dnr=24-030-S04,SEK,Beviljat ESF-stöd inkl. nationell medfinansiering,Kohesio,"Dnr 24-030-S04 i ESF-rådets projektbank (export 2026-10-07). Total projektbudget 19 126 097 SEK, beviljat ESF-stöd 10 325 312 SEK, varav EU-stöd 7 648 379 SEK (40 %). Specifikt mål A1A."
ISA – Insatser i samverkan för unga i Region Uppsala,Socialfonden+ (ESF+) 2021–2027,2023-03-31 – 2026-03-30,partner,15000000,https://regionuppsala.se/utveckling/regional-utvecklingsstrategi/projekt/insatser-i-samverkan-for-unga-i-region-uppsala/,SEK,"Kommunens andel, uppskattad (exakt belopp framgår inte)",Kohesio,"Region Uppsala är projektägare, finansierat via ESF och POA2. 2023-03-31 – 2026-03-30, 1 883 deltagare. Total budget 75 513 195 SEK, medfinansiering 34 736 085 SEK, EU-bidrag 40 777 110 SEK. Kommunen deltar med två delprojekt (arbetsmarknads- och utbildningsförvaltningen). Ska inte räknas som Region Uppsalas projekt i matchningen."
Uppsökarna – projektstöd för hållbar landsbygdsutveckling,Jordbruksfonden för landsbygdsutveckling (Leader Upplandsbygd),2020 – 2023,projektägare,2373725,https://www.uppsala.se/uppsokarna,SEK,Stöd från Jordbruksverket,Ingen (jordbruksfonden finns inte i Kohesio),"Jordbruksverket 2 373 725 SEK, Leader Upplandsbygd 1 169 148 SEK, kommunens medfinansiering 126 000 SEK. Aktiviteter: kostnadsfria utbildningar i styrelsekunskap och organisationsutveckling, dialogmöte med föreningslivet om hållbara landsbygder, föreläsningar om bygdebolag, unga landsbygdsutvecklare, jämställdhet, Agenda 2030, energi- och klimatrådgivning, REKO-ringar och Upplandsbygds hållbarhetsnätverk."
BASAAR,Interreg 2007–2013,2007 – 2013,partner,,https://keep.eu/partners/23955/Uppsala-kommunEN/,,,Keep.eu,Före demons tidsgräns 2014. Behåll för avstämningen men visa inte i historiken.
EXPAT,Interreg 2007–2013,2007 – 2013,partner,,https://keep.eu/partners/23955/Uppsala-kommunEN/,,,Keep.eu,Före demons tidsgräns 2014. Behåll för avstämningen men visa inte i historiken.
Yrkesvägledning för framtiden,Socialfonden+ (ESF+) 2021–2027,2025-09-01 – 2028-08-31,projektägare,5992144,https://www.esf.se/resultat/projektbanken/projekt/?dnr=24-056-S07,SEK,Beviljat ESF-stöd inkl. nationell medfinansiering,Kohesio (kan saknas om nyligen beviljat),Dnr 24-056-S07 i ESF-rådets projektbank (export 2026-10-07)  specifikt mål A2A. Total projektbudget 11 192 144 SEK  beviljat ESF-stöd 5 992 144 SEK  varav EU-stöd 4 438 625 SEK (40%). Saknades i första listan.
Framtidskraft,Socialfonden+ (ESF+) 2021–2027,2025-09-01 – 2028-08-31,projektägare,9791713,https://www.esf.se/resultat/projektbanken/projekt/?dnr=24-063-S05,SEK,Beviljat ESF-stöd inkl. nationell medfinansiering,Kohesio (kan saknas om nyligen beviljat),Dnr 24-063-S05 i ESF-rådets projektbank (export 2026-10-07)  specifikt mål C1. Total projektbudget 9 791 713 SEK  beviljat ESF-stöd 9 791 713 SEK  varav EU-stöd 8 812 541 SEK (90%). Saknades i första listan.
Uppsalamodell av Allaktivitetshus (fortsättning),Socialfonden+ (ESF+) 2021–2027,2026-09-04 – 2028-03-04,projektägare,4973906,https://www.esf.se/resultat/projektbanken/projekt/?dnr=25-031-S02,SEK,Beviljat ESF-stöd inkl. nationell medfinansiering,Kohesio (kan saknas om nyligen beviljat),Dnr 25-031-S02 i ESF-rådets projektbank (export 2026-10-07)  specifikt mål C1. Total projektbudget 4 973 906 SEK  beviljat ESF-stöd 4 973 906 SEK  varav EU-stöd 4 476 515 SEK (90%). Saknades i första listan. Fortsättning på Gottsunda-projektet (23-017-S01); startar 2026-09-04.
