Namn,Program,Länk,Öppnar,Stänger,Minsta bidrag,Största bidrag,Valuta,Stödnivå (%),Vem får söka,Beskrivning,Status,Tema,Kommentar
Energieffektiv kollektivtrafik kompletterad med delad mobilitet (HORIZON-MISS-2026-04-CIT-01),Horisont Europa – Klimatneutrala och smarta städer,https://ec.europa.eu/info/funding-tenders/opportunities/portal/screen/opportunities/topic-details/horizon-miss-2026-04-cit-01,2026-02-04,2026-10-08,,5000000,EUR,100,Juridiska personer i EU och associerade länder; normalt konsortium med minst tre organisationer från tre länder. Kontrollera ämnestextens krav på städer i uppdraget.,"Demonstration av energieffektiv stads- och förortstrafik ihop med delade mobilitetstjänster. 10 MEUR totalt, cirka 2 projekt.",Öppen,Mobilitet och transport,"Innovationsåtgärd: 100 % för offentliga ideella organisationer, 70 % för företag. Stänger om sex dagar – visa som exempel, inte som realistisk ansökan."
Lågtemperaturvärme i flerbostadshus (HORIZON-MISS-2026-04-CIT-02),Horisont Europa – Klimatneutrala och smarta städer,https://ec.europa.eu/info/funding-tenders/opportunities/portal/screen/opportunities/topic-details/horizon-miss-2026-04-cit-02,2026-02-04,2026-10-08,,2000000,EUR,100,Juridiska personer i EU och associerade länder; normalt konsortium med minst tre organisationer från tre länder. Kontrollera ämnestextens krav på städer i uppdraget.,"Omställning till lågtemperaturlösningar för uppvärmning i flerbostadshus. 6 MEUR totalt, cirka 3 projekt.",Öppen,Energi,Relevant för Uppsalahem om bolagen räknas in.
Cirkulära affärsmodeller i byggsektorn (HORIZON-MISS-2026-04-CIT-NEB-B4P-CCRI-03),Horisont Europa – Klimatneutrala och smarta städer (gemensamt med andra uppdrag),https://ec.europa.eu/info/funding-tenders/opportunities/portal/screen/opportunities/topic-details/horizon-miss-2026-04-cit-neb-b4p-ccri-03,2026-02-04,2026-10-08,,1900000,EUR,100,Juridiska personer i EU och associerade länder; normalt konsortium med minst tre organisationer från tre länder. Kontrollera ämnestextens krav på städer i uppdraget.,"Cirkulär ekonomi i byggande, från enskilda byggnader till stadsnivå. 9,5 MEUR totalt, upp till 5 projekt.",Öppen,Klimat och miljö,Passar idén om cirkulärt byggande. Nästa liknande ämne är cirkulär logistik 2027.
Driving Urban Transitions – utlysning 2026,"DUT-partnerskapet (Horisont Europa) med Energimyndigheten, Formas och Vinnova",https://www.energimyndigheten.se/utlysningar/driving-urban-transitions-hallbar-urban-omstallning-inom-europeiskt-partnerskap,2026-09-01,2026-11-17,,,SEK,,"Konsortier med forskare, offentliga organisationer, företag och civilsamhälle; minst tre partner från tre deltagande länder.","Forsknings- och innovationsprojekt om stadsomställning: energipositiva stadsdelar, cirkulär stadsekonomi och 15-minutersstaden. Svensk budget cirka 53 MSEK. Steg 2 stänger 2027-04-15.",Öppen,Klimat och miljö,Datum för steg 1. Stödnivå följer respektive svensk finansiär.
A1 Kompetensutveckling för yrkesverksamma – Östra Mellansverige,Socialfonden+ (ESF+),https://www.esf.se/utlysningar/utlysningsplan/,2026-12-15,2027-03-15,,,SEK,,"Privat, offentlig och idéburen sektor i Östra Mellansverige.","Kompetensutveckling för anställda inom ramen för regionens prioriteringar, bland annat strategisk kompetensförsörjning utifrån arbetsgivares behov.",Planerad,Utbildning,Preliminär enligt ESF-rådets utlysningsplan. Budget ej angiven.
A2 Inträde på arbetsmarknaden – Östra Mellansverige,Socialfonden+ (ESF+),https://www.esf.se/utlysningar/utlysningsplan/,2026-12-15,2027-03-15,,,SEK,,"Privat, offentlig och idéburen sektor i Östra Mellansverige.","Insatser för personer som står långt från arbetsmarknaden, bland annat stödstrukturer, aktörssamverkan och unga.",Planerad,Social omsorg,"Passar idén Vägar till jobb för unga och nyanlända. Preliminär, budget ej angiven."
Innovativa mikronät i stadsmiljö (HORIZON-MISS-2027-04-CIT-01),Horisont Europa – Klimatneutrala och smarta städer,https://ec.europa.eu/info/funding-tenders/opportunities/docs/2021-2027/horizon/wp-call/2026-2027/wp-12-missions_horizon-2026-2027_en.pdf,2027-02-09,2027-10-07,,2300000,EUR,100,Juridiska personer i EU och associerade länder; normalt konsortium med minst tre organisationer från tre länder. Kontrollera ämnestextens krav på städer i uppdraget.,"Mikronät för bättre integration och effektivitet i städers energisystem. 7 MEUR totalt, cirka 3 projekt.",Kommande,Energi,Datum enligt arbetsprogrammet 2026–2027.
Vätgasstäder (HORIZON-MISS-2027-04-CIT-02),Horisont Europa – Klimatneutrala och smarta städer,https://ec.europa.eu/info/funding-tenders/opportunities/docs/2021-2027/horizon/wp-call/2026-2027/wp-12-missions_horizon-2026-2027_en.pdf,2027-02-09,2027-10-07,,5000000,EUR,100,Juridiska personer i EU och associerade länder; normalt konsortium med minst tre organisationer från tre länder. Kontrollera ämnestextens krav på städer i uppdraget.,"Vätgas i stadens energi- och transportsystem. 5 MEUR, 1 projekt.",Kommande,Energi,
Klimattåliga resenoder för hållbart resande (HORIZON-MISS-2027-04-CIT-03),Horisont Europa – Klimatneutrala och smarta städer,https://ec.europa.eu/info/funding-tenders/opportunities/docs/2021-2027/horizon/wp-call/2026-2027/wp-12-missions_horizon-2026-2027_en.pdf,2027-02-09,2027-10-07,,4500000,EUR,100,Juridiska personer i EU och associerade länder; normalt konsortium med minst tre organisationer från tre länder. Kontrollera ämnestextens krav på städer i uppdraget.,"Inkluderande och klimattåliga bytespunkter som flyttar resor till kollektivtrafik och delad mobilitet. 9 MEUR totalt, cirka 2 projekt.",Kommande,Mobilitet och transport,Kan kopplas till spårvägen i mål och budget.
Cirkulär logistik i städer (HORIZON-MISS-2027-04-CIT-CCRI-04),Horisont Europa – Klimatneutrala och smarta städer,https://ec.europa.eu/info/funding-tenders/opportunities/docs/2021-2027/horizon/wp-call/2026-2027/wp-12-missions_horizon-2026-2027_en.pdf,2027-02-09,2027-10-07,,2500000,EUR,100,Juridiska personer i EU och associerade länder; normalt konsortium med minst tre organisationer från tre länder. Kontrollera ämnestextens krav på städer i uppdraget.,"Cirkulära logistiklösningar i städer, till exempel för byggmaterial och återbruk. 7,5 MEUR totalt, cirka 3 projekt.",Kommande,Klimat och miljö,Realistisk nästa chans för idén om cirkulärt byggande.
Förkommersiell upphandling för klimatneutrala städer (HORIZON-MISS-2027-04-CIT-05),Horisont Europa – Klimatneutrala och smarta städer,https://ec.europa.eu/info/funding-tenders/opportunities/docs/2021-2027/horizon/wp-call/2026-2027/wp-12-missions_horizon-2026-2027_en.pdf,2027-02-09,2027-10-07,7000000,12000000,EUR,,Juridiska personer i EU och associerade länder; normalt konsortium med minst tre organisationer från tre länder. Kontrollera ämnestextens krav på städer i uppdraget. Upphandlande organisationer i centrum.,Städer upphandlar gemensamt utveckling av nya lösningar (PCP). Cirka 3 projekt.,Kommande,Klimat och miljö,Beloppsspannet är osäkert tolkat ur källan. Stödnivå för PCP behöver kontrolleras.
Urban natur – restaurering av stadens ekosystem (HORIZON-MISS-2027-07-CLIMA-CIT-NEB-01),Horisont Europa – Klimatanpassning och Klimatneutrala städer (gemensamt),https://ec.europa.eu/info/funding-tenders/opportunities/docs/2021-2027/horizon/wp-call/2026-2027/wp-12-missions_horizon-2026-2027_en.pdf,2027-02-09,2027-09-22,,2500000,EUR,100,Juridiska personer i EU och associerade länder; normalt konsortium med minst tre organisationer från tre länder. Kontrollera ämnestextens krav på städer i uppdraget.,"Restaurering av ekosystem i staden, längs transportstråk och i bebyggd miljö. 10 MEUR totalt, upp till 4 projekt.",Kommande,Klimat och miljö,Passar idén om klimatanpassning mot skyfall och värmebölja.
Innovativ avloppsvattenhantering i klimatförändringens spår (HORIZON-MISS-2027-07-CLIMA-CIT-CCRI-02),Horisont Europa – Klimatanpassning och Klimatneutrala städer (gemensamt),https://ec.europa.eu/info/funding-tenders/opportunities/docs/2021-2027/horizon/wp-call/2026-2027/wp-12-missions_horizon-2026-2027_en.pdf,2027-02-09,2027-09-22,,3200000,EUR,100,Juridiska personer i EU och associerade länder; normalt konsortium med minst tre organisationer från tre länder. Kontrollera ämnestextens krav på städer i uppdraget.,"Behandling och återvinning av avloppsvatten i städer och regioner. 9,5 MEUR totalt, cirka 3 projekt.",Kommande,Klimat och miljö,Relevant för Uppsala Vatten och Avfall om bolagen räknas in.
Gränsöverskridande klimatresiliens (HORIZON-MISS-2027-01-CLIMA-01),Horisont Europa – Klimatanpassning,https://ec.europa.eu/info/funding-tenders/opportunities/docs/2021-2027/horizon/wp-call/2026-2027/wp-12-missions_horizon-2026-2027_en.pdf,2027-02-09,2027-09-21,10000000,15000000,EUR,100,Juridiska personer i EU och associerade länder; normalt konsortium med minst tre organisationer från tre länder. Kontrollera ämnestextens krav på städer i uppdraget.,Demonstration av transformativa lösningar för klimatresiliens över nationsgränser. Upp till 5 projekt.,Kommande,Klimat och miljö,Stora projekt; kommunen passar som demonstrationsort i ett konsortium.
AI för klimatresiliens på regional och lokal nivå (HORIZON-MISS-2027-01-CLIMA-02),Horisont Europa – Klimatanpassning,https://ec.europa.eu/info/funding-tenders/opportunities/docs/2021-2027/horizon/wp-call/2026-2027/wp-12-missions_horizon-2026-2027_en.pdf,2027-02-09,2027-09-21,,750000,EUR,100,Juridiska personer i EU och associerade länder; normalt konsortium med minst tre organisationer från tre länder. Kontrollera ämnestextens krav på städer i uppdraget.,"Forskning och tillämpning av AI för klimatanpassning i regioner och kommuner. 3 MEUR totalt, upp till 4 projekt.",Kommande,Klimat och miljö,
Verktyg för hälsans anpassning till klimatförändringar (HORIZON-HLTH-2027-01-ENVHLTH-MISSCLIMA-03),"Horisont Europa – Hälsa, gemensamt med uppdraget Klimatanpassning",https://ec.europa.eu/info/funding-tenders/opportunities/docs/2021-2027/horizon/wp-call/2026-2027/wp-12-missions_horizon-2026-2027_en.pdf,2027-02-10,2027-04-13,4000000,5000000,EUR,100,Juridiska personer i EU och associerade länder; normalt konsortium med minst tre organisationer från tre länder. Kontrollera ämnestextens krav på städer i uppdraget.,"Verktyg och teknik som skyddar hälsan vid klimatförändringar, till exempel värmeböljor. Upp till 4 projekt.",Kommande,Hälsa,Kan stödja idén om klimatanpassning med fokus på äldre.
"LIFE 2027 – Klimatanpassning, standardprojekt (prel.)",LIFE – Klimatpolitik,https://cinea.ec.europa.eu/funding-opportunities/calls-proposals/climate-change-adaptation-0_en,2027-04 (prel.),2027-09 (prel.),,,EUR,60,"Offentliga, privata och ideella organisationer i EU och LIFE-associerade länder.","Naturbaserade lösningar, riskbedömning, vattenhantering och resiliens i infrastruktur. 2026 års utlysning hade 28 MEUR och stängde 2026-09-22.",Förväntad,Klimat och miljö,Datum antagna utifrån 2026 års mönster; bekräftas när utlysningen publiceras.
"LIFE 2027 – Begränsning av klimatförändringar, standardprojekt (prel.)",LIFE – Klimatpolitik,https://cinea.ec.europa.eu/funding-opportunities/calls-proposals/climate-change-adaptation-0_en,2027-04 (prel.),2027-09 (prel.),,,EUR,60,"Offentliga, privata och ideella organisationer i EU och LIFE-associerade länder.",Bland annat nollutsläppsmobilitet och förnybar energi. 2026 års utlysning hade 28 MEUR.,Förväntad,Mobilitet och transport,Passar idén om fossilfria transporter och arbetsmaskiner. Datum preliminära.
"LIFE 2027 – Cirkulär ekonomi och livskvalitet, standardprojekt (prel.)",LIFE – Miljö och resurseffektivitet,https://ec.europa.eu/info/funding-tenders/opportunities/docs/2021-2027/life/wp-call/2026/call-fiche_life-2026-sap-env_en.pdf,2027-04 (prel.),2027-09 (prel.),,,EUR,60,"Offentliga, privata och ideella organisationer i EU och LIFE-associerade länder.",Cirkulär ekonomi och minskade föroreningar. 2026 års utlysning för cirkulär ekonomi och nollförorening hade 79 MEUR.,Förväntad,Klimat och miljö,Kan passa både cirkulärt byggande och matsvinn i offentliga kök. Datum preliminära.
LIFE 2027 – Ren energiomställning (prel.),LIFE – Ren energiomställning,https://cinea.ec.europa.eu/news-events/news/life-calls-proposals-2026-eu6015-million-greener-more-competitive-europe-2026-04-22_en,2027-04 (prel.),2027-09 (prel.),,,EUR,,"Offentliga, privata och ideella organisationer i EU och LIFE-associerade länder.","Kapacitetsuppbyggnad och marknadsinsatser för energieffektivisering och förnybar energi. 2026 års budget var 85,5 MEUR.",Förväntad,Energi,Stödnivå och datum bekräftas när utlysningen publiceras.
