År,EUR/SEK,Källa,Anteckning
2014,9.0968,"Riksbanken SWEA, serie SEKEURPMI, beräknat ur månadsgenomsnitt viktade med antal noteringar",
2015,9.3562,"Riksbanken SWEA, serie SEKEURPMI, beräknat ur månadsgenomsnitt viktade med antal noteringar",
2016,9.4704,"Riksbanken SWEA, serie SEKEURPMI, beräknat ur månadsgenomsnitt viktade med antal noteringar",
2017,9.6326,"Riksbanken SWEA, serie SEKEURPMI, beräknat ur månadsgenomsnitt viktade med antal noteringar",
2018,10.2567,"Riksbanken SWEA, serie SEKEURPMI, beräknat ur månadsgenomsnitt viktade med antal noteringar",
2019,10.5892,"Riksbanken SWEA, serie SEKEURPMI, beräknat ur månadsgenomsnitt viktade med antal noteringar",
2020,10.4867,"Riksbanken, sök års- och månadsgenomsnitt (nedladdat 2026-10-02)",
2021,10.1449,"Riksbanken, sök års- och månadsgenomsnitt (nedladdat 2026-10-02)",
2022,10.6317,"Riksbanken, sök års- och månadsgenomsnitt (nedladdat 2026-10-02)",
2023,11.4765,"Riksbanken, sök års- och månadsgenomsnitt (nedladdat 2026-10-02)",
2024,11.4322,"Riksbanken, sök års- och månadsgenomsnitt (nedladdat 2026-10-02)",
2025,11.0677,"Riksbanken, sök års- och månadsgenomsnitt (nedladdat 2026-10-02)",
2026,10.8529,"Riksbanken SWEA, serie SEKEURPMI, beräknat ur månadsgenomsnitt viktade med antal noteringar","Januari–augusti 2026, uppdatera vid årsskiftet"
